<?xml version="1.0"?>
<opencv_storage>
<cascade>
  <stageType>BOOST</stageType>
  <featureType>HAAR</featureType>
  <height>30</height>
  <width>20</width>
  <stageParams>
    <boostType>GAB</boostType>
    <minHitRate>9.9500000476837158e-01</minHitRate>
    <maxFalseAlarm>5.0000000000000000e-01</maxFalseAlarm>
    <weightTrimRate>9.4999998807907104e-01</weightTrimRate>
    <maxDepth>1</maxDepth>
    <maxWeakCount>100</maxWeakCount></stageParams>
  <featureParams>
    <maxCatCount>0</maxCatCount>
    <featSize>1</featSize>
    <mode>BASIC</mode></featureParams>
  <stageNum>11</stageNum>
  <stages>
    <!-- stage 0 -->
    <_>
      <maxWeakCount>2</maxWeakCount>
      <stageThreshold>-1.9832618534564972e-01</stageThreshold>
      <weakClassifiers>
        <_>
          <internalNodes>
            0 -1 1 3.1487792730331421e-01</internalNodes>
          <leafValues>
            -9.9399399757385254e-01 8.5964912176132202e-01</leafValues></_>
        <_>
          <internalNodes>
            0 -1 16 -2.5568258762359619e-01</internalNodes>
          <leafValues>
            7.9566782712936401e-01 -9.9324512481689453e-01</leafValues></_></weakClassifiers></_>
    <!-- stage 1 -->
    <_>
      <maxWeakCount>3</maxWeakCount>
      <stageThreshold>-1.4863913059234619e+00</stageThreshold>
      <weakClassifiers>
        <_>
          <internalNodes>
            0 -1 18 2.2947609424591064e-02</internalNodes>
          <leafValues>
            -9.4552528858184814e-01 1.</leafValues></_>
        <_>
          <internalNodes>
            0 -1 14 1.3489672541618347e-01</internalNodes>
          <leafValues>
            -8.9523702859878540e-01 5.2744978666305542e-01</leafValues></_>
        <_>
          <internalNodes>
            0 -1 19 2.4649515748023987e-01</internalNodes>
          <leafValues>
            -9.5624017715454102e-01 3.5437098145484924e-01</leafValues></_></weakClassifiers></_>
    <!-- stage 2 -->
    <_>
      <maxWeakCount>3</maxWeakCount>
      <stageThreshold>-1.5628890991210938e+00</stageThreshold>
      <weakClassifiers>
        <_>
          <internalNodes>
            0 -1 17 5.3228013217449188e-02</internalNodes>
          <leafValues>
            -9.4726562500000000e-01 8.1250000000000000e-01</leafValues></_>
        <_>
          <internalNodes>
            0 -1 21 3.8103245198726654e-02</internalNodes>
          <leafValues>
            -9.0350306034088135e-01 2.8670066595077515e-01</leafValues></_>
        <_>
          <internalNodes>
            0 -1 24 6.8179506342858076e-04</internalNodes>
          <leafValues>
            3.7686115503311157e-01 -9.0232414007186890e-01</leafValues></_></weakClassifiers></_>
    <!-- stage 3 -->
    <_>
      <maxWeakCount>3</maxWeakCount>
      <stageThreshold>-1.3460282087326050e+00</stageThreshold>
      <weakClassifiers>
        <_>
          <internalNodes>
            0 -1 11 8.6190477013587952e-02</internalNodes>
          <leafValues>
            -9.4504415988922119e-01 5.1351350545883179e-01</leafValues></_>
        <_>
          <internalNodes>
            0 -1 12 1.1096552945673466e-02</internalNodes>
          <leafValues>
            -7.5457698106765747e-01 6.3734966516494751e-01</leafValues></_>
        <_>
          <internalNodes>
            0 -1 23 -8.5991469677537680e-04</internalNodes>
          <leafValues>
            -9.7551989555358887e-01 3.5359290242195129e-01</leafValues></_></weakClassifiers></_>
    <!-- stage 4 -->
    <_>
      <maxWeakCount>2</maxWeakCount>
      <stageThreshold>-9.9355769157409668e-01</stageThreshold>
      <weakClassifiers>
        <_>
          <internalNodes>
            0 -1 20 2.6732370257377625e-02</internalNodes>
          <leafValues>
            -9.2463767528533936e-01 6.1904764175415039e-01</leafValues></_>
        <_>
          <internalNodes>
            0 -1 26 8.8788860011845827e-04</internalNodes>
          <leafValues>
            -6.8919979035854340e-02 -9.8856800794601440e-01</leafValues></_></weakClassifiers></_>
    <!-- stage 5 -->
    <_>
      <maxWeakCount>3</maxWeakCount>
      <stageThreshold>-1.4287036657333374e+00</stageThreshold>
      <weakClassifiers>
        <_>
          <internalNodes>
            0 -1 6 3.3158242702484131e-01</internalNodes>
          <leafValues>
            -9.3855303525924683e-01 6.3829787075519562e-02</leafValues></_>
        <_>
          <internalNodes>
            0 -1 25 -1.0972532443702221e-02</internalNodes>
          <leafValues>
            4.2163041234016418e-01 -7.3811370134353638e-01</leafValues></_>
        <_>
          <internalNodes>
            0 -1 0 8.4194745868444443e-03</internalNodes>
          <leafValues>
            -1. 2.4796305596828461e-01</leafValues></_></weakClassifiers></_>
    <!-- stage 6 -->
    <_>
      <maxWeakCount>3</maxWeakCount>
      <stageThreshold>-1.8516805171966553e+00</stageThreshold>
      <weakClassifiers>
        <_>
          <internalNodes>
            0 -1 0 1.2898718006908894e-02</internalNodes>
          <leafValues>
            -1.2087912112474442e-01 -9.6683937311172485e-01</leafValues></_>
        <_>
          <internalNodes>
            0 -1 5 7.1286521852016449e-03</internalNodes>
          <leafValues>
            7.6251305639743805e-02 -9.8435276746749878e-01</leafValues></_>
        <_>
          <internalNodes>
            0 -1 3 3.5897977650165558e-03</internalNodes>
          <leafValues>
            9.9511638283729553e-02 -1.</leafValues></_></weakClassifiers></_>
    <!-- stage 7 -->
    <_>
      <maxWeakCount>3</maxWeakCount>
      <stageThreshold>-1.9017494916915894e+00</stageThreshold>
      <weakClassifiers>
        <_>
          <internalNodes>
            0 -1 4 -8.2212471170350909e-04</internalNodes>
          <leafValues>
            -9.8862344026565552e-01 -4.2372882366180420e-01</leafValues></_>
        <_>
          <internalNodes>
            0 -1 9 5.6572877801954746e-03</internalNodes>
          <leafValues>
            7.6725487597286701e-03 -9.8336213827133179e-01</leafValues></_>
        <_>
          <internalNodes>
            0 -1 7 -7.2150945197790861e-04</internalNodes>
          <leafValues>
            -1. 7.0236138999462128e-02</leafValues></_></weakClassifiers></_>
    <!-- stage 8 -->
    <_>
      <maxWeakCount>4</maxWeakCount>
      <stageThreshold>-1.6385663747787476e+00</stageThreshold>
      <weakClassifiers>
        <_>
          <internalNodes>
            0 -1 22 4.6579420566558838e-01</internalNodes>
          <leafValues>
            -9.2217898368835449e-01 1.4285714924335480e-01</leafValues></_>
        <_>
          <internalNodes>
            0 -1 13 3.3916156098712236e-05</internalNodes>
          <leafValues>
            -9.6697008609771729e-01 1.0259919799864292e-02</leafValues></_>
        <_>
          <internalNodes>
            0 -1 10 6.1399517580866814e-03</internalNodes>
          <leafValues>
            1.8382549285888672e-01 -9.6509206295013428e-01</leafValues></_>
        <_>
          <internalNodes>
            0 -1 7 6.5431278198957443e-04</internalNodes>
          <leafValues>
            2.3844471573829651e-01 -1.</leafValues></_></weakClassifiers></_>
    <!-- stage 9 -->
    <_>
      <maxWeakCount>3</maxWeakCount>
      <stageThreshold>-1.6756798028945923e+00</stageThreshold>
      <weakClassifiers>
        <_>
          <internalNodes>
            0 -1 15 3.2905781269073486e-01</internalNodes>
          <leafValues>
            -9.1362762451171875e-01 5.7142859697341919e-01</leafValues></_>
        <_>
          <internalNodes>
            0 -1 8 -1.0894178412854671e-03</internalNodes>
          <leafValues>
            -9.5688551664352417e-01 -1.5163819491863251e-01</leafValues></_>
        <_>
          <internalNodes>
            0 -1 2 -5.3002045024186373e-04</internalNodes>
          <leafValues>
            -9.8998820781707764e-01 1.9483332335948944e-01</leafValues></_></weakClassifiers></_>
    <!-- stage 10 -->
    <_>
      <maxWeakCount>2</maxWeakCount>
      <stageThreshold>-1.0826300382614136e+00</stageThreshold>
      <weakClassifiers>
        <_>
          <internalNodes>
            0 -1 2 6.0978659894317389e-04</internalNodes>
          <leafValues>
            -5.7528954744338989e-01 -9.9749058485031128e-01</leafValues></_>
        <_>
          <internalNodes>
            0 -1 2 7.2257913416251540e-04</internalNodes>
          <leafValues>
            -8.5139408707618713e-02 -1.</leafValues></_></weakClassifiers></_></stages>
  <features>
    <_>
      <rects>
        <_>
          0 1 20 4 -1.</_>
        <_>
          10 1 10 4 2.</_></rects>
      <tilted>0</tilted></_>
    <_>
      <rects>
        <_>
          0 8 18 13 -1.</_>
        <_>
          9 8 9 13 2.</_></rects>
      <tilted>0</tilted></_>
    <_>
      <rects>
        <_>
          1 0 4 9 -1.</_>
        <_>
          1 3 4 3 3.</_></rects>
      <tilted>0</tilted></_>
    <_>
      <rects>
        <_>
          1 1 12 2 -1.</_>
        <_>
          7 1 6 2 2.</_></rects>
      <tilted>0</tilted></_>
    <_>
      <rects>
        <_>
          1 1 18 2 -1.</_>
        <_>
          7 1 6 2 3.</_></rects>
      <tilted>0</tilted></_>
    <_>
      <rects>
        <_>
          2 2 18 2 -1.</_>
        <_>
          11 2 9 2 2.</_></rects>
      <tilted>0</tilted></_>
    <_>
      <rects>
        <_>
          2 10 16 10 -1.</_>
        <_>
          10 10 8 10 2.</_></rects>
      <tilted>0</tilted></_>
    <_>
      <rects>
        <_>
          3 0 12 1 -1.</_>
        <_>
          7 0 4 1 3.</_></rects>
      <tilted>0</tilted></_>
    <_>
      <rects>
        <_>
          3 0 12 3 -1.</_>
        <_>
          7 0 4 3 3.</_></rects>
      <tilted>0</tilted></_>
    <_>
      <rects>
        <_>
          4 2 16 2 -1.</_>
        <_>
          12 2 8 2 2.</_></rects>
      <tilted>0</tilted></_>
    <_>
      <rects>
        <_>
          5 1 14 3 -1.</_>
        <_>
          12 1 7 3 2.</_></rects>
      <tilted>0</tilted></_>
    <_>
      <rects>
        <_>
          6 15 10 4 -1.</_>
        <_>
          11 15 5 4 2.</_></rects>
      <tilted>0</tilted></_>
    <_>
      <rects>
        <_>
          7 15 4 2 -1.</_>
        <_>
          9 15 2 2 2.</_></rects>
      <tilted>0</tilted></_>
    <_>
      <rects>
        <_>
          8 0 6 1 -1.</_>
        <_>
          11 0 3 1 2.</_></rects>
      <tilted>0</tilted></_>
    <_>
      <rects>
        <_>
          8 7 12 17 -1.</_>
        <_>
          12 7 4 17 3.</_></rects>
      <tilted>0</tilted></_>
    <_>
      <rects>
        <_>
          8 8 12 13 -1.</_>
        <_>
          12 8 4 13 3.</_></rects>
      <tilted>0</tilted></_>
    <_>
      <rects>
        <_>
          8 12 11 18 -1.</_>
        <_>
          8 21 11 9 2.</_></rects>
      <tilted>0</tilted></_>
    <_>
      <rects>
        <_>
          8 14 6 5 -1.</_>
        <_>
          11 14 3 5 2.</_></rects>
      <tilted>0</tilted></_>
    <_>
      <rects>
        <_>
          8 15 6 2 -1.</_>
        <_>
          11 15 3 2 2.</_></rects>
      <tilted>0</tilted></_>
    <_>
      <rects>
        <_>
          9 0 11 18 -1.</_>
        <_>
          9 9 11 9 2.</_></rects>
      <tilted>0</tilted></_>
    <_>
      <rects>
        <_>
          9 17 6 2 -1.</_>
        <_>
          12 17 3 2 2.</_></rects>
      <tilted>0</tilted></_>
    <_>
      <rects>
        <_>
          11 7 9 10 -1.</_>
        <_>
          14 7 3 10 3.</_></rects>
      <tilted>0</tilted></_>
    <_>
      <rects>
        <_>
          13 0 5 30 -1.</_>
        <_>
          13 10 5 10 3.</_></rects>
      <tilted>0</tilted></_>
    <_>
      <rects>
        <_>
          15 25 5 4 -1.</_>
        <_>
          15 27 5 2 2.</_></rects>
      <tilted>0</tilted></_>
    <_>
      <rects>
        <_>
          17 1 2 6 -1.</_>
        <_>
          17 4 2 3 2.</_></rects>
      <tilted>0</tilted></_>
    <_>
      <rects>
        <_>
          18 10 2 11 -1.</_>
        <_>
          19 10 1 11 2.</_></rects>
      <tilted>0</tilted></_>
    <_>
      <rects>
        <_>
          18 24 2 6 -1.</_>
        <_>
          18 27 2 3 2.</_></rects>
      <tilted>0</tilted></_></features></cascade>
</opencv_storage>
